<sources>
    <programs>
        <default pathversion="1"></default>
    </programs>
    <video>
        <default pathversion="1"></default>
    </video>
    <music>
        <default pathversion="1"></default>
    </music>
    <pictures>
        <default pathversion="1"></default>
    </pictures>
    <files>
        <default pathversion="1"></default>
        <source>
            <name>muckys</name>
            <path pathversion="1">http://muckys.kodimediaportal.ml/</path>
            <allowsharing>true</allowsharing>
        </source>
        <source>
            <name>srp</name>
            <path pathversion="1">http://srp.nu/</path>
            <allowsharing>true</allowsharing>
        </source>
        <source>
            <name>hack</name>
            <path pathversion="1">http://repo.hackmykodi.com/</path>
            <allowsharing>true</allowsharing>
        </source>
        <source>
            <name>football</name>
            <path pathversion="1">http://repo.shit.football/</path>
            <allowsharing>true</allowsharing>
        </source>
        <source>
            <name>magic</name>
            <path pathversion="1">http://repo.ares-project.com/magic/</path>
            <allowsharing>true</allowsharing>
        </source>
        <source>
            <name>portal</name>
            <path pathversion="1">http://noobsandnerds.com/portal</path>
            <allowsharing>true</allowsharing>
        </source>
    </files>
</sources>
