﻿<?xml version="1.0" encoding="UTF-8" standalone="yes"?>
<addon id="plugin.video.plp" name="PremierLeague Pass" version="0.0.5" provider-name="DJBlu">
    <requires>
		<import addon="xbmc.python" version="2.14.0"/>
        <import addon="script.module.xmltodict" version="0.9.0"/>
        <import addon="script.module.requests" version="2.4.3"/>
        <import addon="xbmc.gui" version="5.3.0"/>
	</requires>
	<extension point="xbmc.python.pluginsource" library="addon.py">
		<provides>video</provides>
	</extension>
	<extension point="xbmc.addon.metadata">
		<platform>all</platform>
		<summary lang="en">www.premierleaguepass.com</summary>
		<description lang="en">Addon to watch live streams and highlights from www.premierleaguepass.com. This addon will only work in New Zealand and with a subscription to premierleaguepass.com</description>
		<license>GNU General Public License, v2</license>
		<language></language>
		<forum>http://forum.kodi.tv/showthread.php?tid=209948</forum>
		<source>https://github.com/djblu/plp</source>
		<email>djblu@djblu.plus.com</email>
	</extension>
</addon>
